{
  "timestamp": "2026-02-01T18:01:36.881171",
  "adaptive_threshold": 1.026802601700183e-05,
  "prevalence": 0.0005191625095903873,
  "ece": 0.02562997639809666,
  "brier_score": 0.010311124846339226,
  "log_likelihood_nssm": -0.036917973309755325,
  "log_likelihood_baseline": -0.0044455998577177525,
  "log_likelihood_ratio": 8.3043851852417,
  "lift_at_5_percent": 4.62700891494751,
  "prevalence_top_5_percent": 0.00240216962993145,
  "discrimination_ratio": "inf",
  "entropy_mean": 1.482879088143818e-05,
  "entropy_min": 1.4828789062448777e-05,
  "entropy_max": 1.4828789062448777e-05,
  "quantile_spread_mean": 0.018756890669465065,
  "quantile_spread_min": 0.0004585974384099245,
  "quantile_spread_max": 0.04482235014438629,
  "snr_mean": 1.5558310747146606,
  "stress_zero_sigma_ratio": 5.6458968174410984e-05,
  "stress_noise_delta_mu": 0.0091920867562294,
  "stress_noise_sensitivity": 0.091920867562294,
  "stress_extreme_delta_mu": 0.05108136683702469,
  "stress_extreme_saturation_pct": 100.0,
  "calibration_status": "PASS",
  "monte_carlo_status": "FAIL",
  "stress_test_status": "WARN",
  "overall_status": "READY_FOR_DMM"
}