{
  "train_loss": [
    0.02122264346912459,
    0.012627030419677778,
    0.010495680989998151,
    0.009376139629515704,
    0.008576509578890133,
    0.008077013109673773,
    0.007696861066925316,
    0.00737382744258832,
    0.007136201687088253,
    0.00689167485136794,
    0.006768258002030829,
    0.006600535735467128,
    0.006404379538508722,
    0.006246330979064684,
    0.006192083338385609,
    0.006103712092445055,
    0.00599959538729312,
    0.0058560443929023855,
    0.005783038548413061,
    0.0051334859980658705,
    0.005047091093367981,
    0.004966364632306996,
    0.005022365015366345,
    0.004960115349046006,
    0.004910023604143252,
    0.004820471148434592,
    0.004843941049536092,
    0.0048129049450533175,
    0.004758405837597087,
    0.0047703727911242175,
    0.004763053307503272,
    0.004683891166838084,
    0.004344207651556175,
    0.004287394180768118,
    0.004256807536363293,
    0.004266353373130452,
    0.004216696301103147,
    0.004244135874130485,
    0.004221490566944056,
    0.004207260581438615,
    0.004224318567739269,
    0.0039780350835693775,
    0.003935318489620497,
    0.00394234778105777,
    0.003965054254120174,
    0.0039093674306145965,
    0.0039191235685681735,
    0.003904099615596886,
    0.0038151891868621157
  ],
  "val_loss": [
    0.03828260971721944,
    0.02001807077218294,
    0.016556306942716575,
    0.022020013342411847,
    0.023758336043862797,
    0.014057477372706134,
    0.021036075115990677,
    0.02059398691337476,
    0.012101513476152606,
    0.01721004939828403,
    0.012038818804571982,
    0.012024641681890012,
    0.015908333852129756,
    0.014151937934581268,
    0.018114157445246918,
    0.017141454301181806,
    0.015397853886687397,
    0.015733449651386466,
    0.015168920069029717,
    0.015458621053827771,
    0.013478273445000823,
    0.014317037475663454,
    0.017099591671046892,
    0.012022910088014897,
    0.011532601224679374,
    0.014129688301441911,
    0.012332044481434677,
    0.013957360714746056,
    0.014470814242454217,
    0.012008653714719632,
    0.014556380757669676,
    0.015347336849008866,
    0.01237827438592955,
    0.011125531180387779,
    0.01385638799988078,
    0.011975064940085293,
    0.013342039580905738,
    0.012219144182054983,
    0.01278494220941973,
    0.01178252975975317,
    0.013896812925279832,
    0.01346919794764131,
    0.011893425190701383,
    0.012016664817382125,
    0.01253431476929369,
    0.013103896649059987,
    0.012635646048018093,
    0.013638465744044518,
    0.013493383272887094
  ],
  "train_metrics": [
    {
      "f1": 0.8995702011545179,
      "auc_roc": 0.9781029841330234,
      "auc_pr": 0.9747146482054638
    },
    {
      "f1": 0.9492098045305944,
      "auc_roc": 0.9921124202125348,
      "auc_pr": 0.9909373080089128
    },
    {
      "f1": 0.9604474013573041,
      "auc_roc": 0.994469421143417,
      "auc_pr": 0.9936697604369089
    },
    {
      "f1": 0.9653110602463928,
      "auc_roc": 0.9955546579228362,
      "auc_pr": 0.9949421555544262
    },
    {
      "f1": 0.9694829178509582,
      "auc_roc": 0.9962126389434743,
      "auc_pr": 0.9956826295313967
    },
    {
      "f1": 0.9716176654442407,
      "auc_roc": 0.9966345326320312,
      "auc_pr": 0.9961742754175936
    },
    {
      "f1": 0.9731889699200942,
      "auc_roc": 0.9969445031711399,
      "auc_pr": 0.996544367663575
    },
    {
      "f1": 0.9744000978157942,
      "auc_roc": 0.9971688554685975,
      "auc_pr": 0.9967935878748424
    },
    {
      "f1": 0.9754071392251643,
      "auc_roc": 0.9973468521001037,
      "auc_pr": 0.9970074375837099
    },
    {
      "f1": 0.9763436750950205,
      "auc_roc": 0.997522460341671,
      "auc_pr": 0.9972272695116945
    },
    {
      "f1": 0.976717824925791,
      "auc_roc": 0.9976128862933846,
      "auc_pr": 0.9973307584010834
    },
    {
      "f1": 0.9777353970551171,
      "auc_roc": 0.9977073899813872,
      "auc_pr": 0.9974324892169725
    },
    {
      "f1": 0.9784710796677226,
      "auc_roc": 0.9978467875899643,
      "auc_pr": 0.9975974141946657
    },
    {
      "f1": 0.9787871663005624,
      "auc_roc": 0.99795338578056,
      "auc_pr": 0.9977224023983079
    },
    {
      "f1": 0.979218013478944,
      "auc_roc": 0.9979869839187885,
      "auc_pr": 0.9977597914568868
    },
    {
      "f1": 0.9796557018896467,
      "auc_roc": 0.9980346560772375,
      "auc_pr": 0.9978082445488868
    },
    {
      "f1": 0.9797331435317894,
      "auc_roc": 0.9981188932090711,
      "auc_pr": 0.9979189881629809
    },
    {
      "f1": 0.9804593560447478,
      "auc_roc": 0.9981819894979693,
      "auc_pr": 0.9979809359582343
    },
    {
      "f1": 0.9805360584366142,
      "auc_roc": 0.9982431868596439,
      "auc_pr": 0.9980573303364406
    },
    {
      "f1": 0.9830518588085128,
      "auc_roc": 0.9985979236784841,
      "auc_pr": 0.9984635059114936
    },
    {
      "f1": 0.9831747765653399,
      "auc_roc": 0.9986464288697923,
      "auc_pr": 0.9985238302337784
    },
    {
      "f1": 0.9834573239433879,
      "auc_roc": 0.998694395760151,
      "auc_pr": 0.9985751845454979
    },
    {
      "f1": 0.983247079947742,
      "auc_roc": 0.9986634988767578,
      "auc_pr": 0.9985425726272388
    },
    {
      "f1": 0.9833222728001053,
      "auc_roc": 0.9986982481281186,
      "auc_pr": 0.998578350194995
    },
    {
      "f1": 0.9838012279599223,
      "auc_roc": 0.9987164126140937,
      "auc_pr": 0.9985967308762599
    },
    {
      "f1": 0.9838732694024119,
      "auc_roc": 0.9987665741854211,
      "auc_pr": 0.9986566742654356
    },
    {
      "f1": 0.9837695339992618,
      "auc_roc": 0.9987602821584481,
      "auc_pr": 0.9986532342925251
    },
    {
      "f1": 0.983965814493814,
      "auc_roc": 0.9987707124441605,
      "auc_pr": 0.9986574638856013
    },
    {
      "f1": 0.9841580742195455,
      "auc_roc": 0.9987967704673857,
      "auc_pr": 0.9986951101084761
    },
    {
      "f1": 0.9841105342857976,
      "auc_roc": 0.9987941960991421,
      "auc_pr": 0.9986893667263526
    },
    {
      "f1": 0.9839245900384483,
      "auc_roc": 0.9988026670070935,
      "auc_pr": 0.998703865726008
    },
    {
      "f1": 0.9843637606624727,
      "auc_roc": 0.9988401849745242,
      "auc_pr": 0.9987404615050386
    },
    {
      "f1": 0.985527108228706,
      "auc_roc": 0.999004290569684,
      "auc_pr": 0.9989275570079393
    },
    {
      "f1": 0.9856361916358843,
      "auc_roc": 0.9990270239479668,
      "auc_pr": 0.9989536765070961
    },
    {
      "f1": 0.9855223953183004,
      "auc_roc": 0.9990476129276322,
      "auc_pr": 0.9989794385554973
    },
    {
      "f1": 0.9854760819336518,
      "auc_roc": 0.9990418642472371,
      "auc_pr": 0.9989717325377596
    },
    {
      "f1": 0.9857419071220438,
      "auc_roc": 0.9990645363847738,
      "auc_pr": 0.998997338684874
    },
    {
      "f1": 0.985640838073893,
      "auc_roc": 0.9990464858125906,
      "auc_pr": 0.9989705797935404
    },
    {
      "f1": 0.9858119195954747,
      "auc_roc": 0.9990596991108766,
      "auc_pr": 0.9989907652048126
    },
    {
      "f1": 0.9859003146735934,
      "auc_roc": 0.999064435650323,
      "auc_pr": 0.9989941590185758
    },
    {
      "f1": 0.9857068007148545,
      "auc_roc": 0.9990525996094836,
      "auc_pr": 0.9989797635650479
    },
    {
      "f1": 0.98666903477226,
      "auc_roc": 0.9991694581842593,
      "auc_pr": 0.9991112902040544
    },
    {
      "f1": 0.9866664246348615,
      "auc_roc": 0.9991883569830475,
      "auc_pr": 0.9991332194846756
    },
    {
      "f1": 0.9866202479124526,
      "auc_roc": 0.9991829607582527,
      "auc_pr": 0.9991273371473476
    },
    {
      "f1": 0.986605828863207,
      "auc_roc": 0.9991683948804412,
      "auc_pr": 0.9991109346121193
    },
    {
      "f1": 0.9867257928056714,
      "auc_roc": 0.9992020328752849,